{
    "cogs.Chatter" : true,
    "cogs.admin" : true,
    "cogs.alias" : true,
    "cogs.audio" : false,
    "cogs.autorole" : true,
    "cogs.buyrole" : true,
    "cogs.customcom" : true,
    "cogs.downloader" : true,
    "cogs.economy" : true,
    "cogs.euros" : true,
    "cogs.general" : true,
    "cogs.heist" : true,
    "cogs.image" : true,
    "cogs.mod" : true,
    "cogs.msgvote" : true,
    "cogs.news" : true,
    "cogs.owner" : true,
    "cogs.pick" : true,
    "cogs.punish" : true,
    "cogs.raffle" : true,
    "cogs.reactpoll" : true,
    "cogs.rss" : true,
    "cogs.setroles" : true,
    "cogs.smartreact" : true,
    "cogs.srrecords" : true,
    "cogs.streamrole" : true,
    "cogs.streams" : true,
    "cogs.trivia" : true,
    "cogs.welcome" : true,
    "cogs.welcomer" : true,
    "cogs.youtube" : true
}