{
    "Servers" : {
        "460179615676366858" : {
            "Config" : {
                "Alert Time" : 0,
                "Bail Base" : 500,
                "Crew Output" : "None",
                "Death Timer" : 86400,
                "Hardcore" : false,
                "Heist Cost" : 100,
                "Heist Planned" : false,
                "Heist Start" : false,
                "Police Alert" : 60,
                "Sentence Base" : 600,
                "Theme" : "Heist",
                "Version" : 2.41,
                "Wait Time" : 20
            },
            "Crew" : {},
            "Players" : {
                "292415241860415489" : {
                    "Bail Cost" : 0,
                    "Criminal Level" : 0,
                    "Death Timer" : 0,
                    "Deaths" : 0,
                    "Jail Counter" : 0,
                    "Name" : "Reaver",
                    "OOB" : false,
                    "Sentence" : 0,
                    "Spree" : 0,
                    "Status" : "Free",
                    "Time Served" : 0,
                    "Total Jail" : 0
                },
                "330364084425981952" : {
                    "Bail Cost" : 0,
                    "Criminal Level" : 0,
                    "Death Timer" : 0,
                    "Deaths" : 0,
                    "Jail Counter" : 0,
                    "Name" : "SmashingOyster",
                    "OOB" : false,
                    "Sentence" : 0,
                    "Spree" : 0,
                    "Status" : "Free",
                    "Time Served" : 0,
                    "Total Jail" : 0
                },
                "456994461407510530" : {
                    "Bail Cost" : 0,
                    "Criminal Level" : 0,
                    "Death Timer" : 0,
                    "Deaths" : 0,
                    "Jail Counter" : 0,
                    "Name" : "Snyder",
                    "OOB" : false,
                    "Sentence" : 0,
                    "Spree" : 0,
                    "Status" : "Free",
                    "Time Served" : 0,
                    "Total Jail" : 0
                }
            },
            "Targets" : {
                "The White House" : {
                    "Crew" : 5,
                    "Success" : 1,
                    "Vault" : 5200,
                    "Vault Max" : 10000
                }
            },
            "Theme" : {
                "Bail" : "bail",
                "Crew" : "crew",
                "Heist" : "heist",
                "Jail" : "jail",
                "OOB" : "out on bail",
                "Police" : "Police",
                "Sentence" : "sentence",
                "Vault" : "vault"
            }
        },
        "460209672855617587" : {
            "Config" : {
                "Alert Time" : 0,
                "Bail Base" : 500,
                "Crew Output" : "None",
                "Death Timer" : 86400,
                "Hardcore" : false,
                "Heist Cost" : 100,
                "Heist Planned" : false,
                "Heist Start" : false,
                "Police Alert" : 60,
                "Sentence Base" : 600,
                "Theme" : "Heist",
                "Version" : 2.41,
                "Wait Time" : 20
            },
            "Crew" : {},
            "Players" : {
                "456994461407510530" : {
                    "Bail Cost" : 0,
                    "Criminal Level" : 0,
                    "Death Timer" : 0,
                    "Deaths" : 0,
                    "Jail Counter" : 0,
                    "Name" : "Snyder",
                    "OOB" : false,
                    "Sentence" : 0,
                    "Spree" : 0,
                    "Status" : "Free",
                    "Time Served" : 0,
                    "Total Jail" : 0
                }
            },
            "Targets" : {},
            "Theme" : {
                "Bail" : "bail",
                "Crew" : "crew",
                "Heist" : "heist",
                "Jail" : "jail",
                "OOB" : "out on bail",
                "Police" : "Police",
                "Sentence" : "sentence",
                "Vault" : "vault"
            }
        }
    }
}