{
    "460179615676366858" : {
        "292415241860415489" : {
            "balance" : 50,
            "created_at" : "2018-06-23 22:54:55",
            "name" : "Reaver"
        },
        "330364084425981952" : {
            "balance" : 99999825,
            "created_at" : "2018-06-23 22:57:11",
            "name" : "SmashingOyster"
        },
        "421349905542414386" : {
            "balance" : 0,
            "created_at" : "2018-06-23 22:57:35",
            "name" : "YxUxNOxGOODxXD"
        },
        "456994461407510530" : {
            "balance" : 9700,
            "created_at" : "2018-06-23 22:54:43",
            "name" : "Snyder"
        }
    },
    "460209672855617587" : {
        "456994461407510530" : {
            "balance" : 0,
            "created_at" : "2018-06-23 22:31:04",
            "name" : "Snyder"
        }
    }
}